Paziente,wavelet-LH_gldm_DependenceVariance,wavelet-HL_gldm_DependenceVariance,wavelet-HL_glcm_Idn,wavelet-HL_glrlm_GrayLevelNonUniformity
5,3.9291420434318254,2.52368814524742,0.9309192449340354,27.39268689868377
12,3.355010730968312,3.6943315237975,0.9403701482594408,34.88607194513267
15,4.234633859425546,4.850872463483972,0.9624239014853684,66.77125996265471
16,4.160480980460169,2.6852815354376225,0.9414332823354294,23.49083411281138
17,1.7450406665344178,1.6546320174568538,0.9341139093525214,23.949137584091645
19,1.3268526701174097,1.3563943946471406,0.9142948346795404,18.31214987411389
22,3.799574861544035,3.511167033658384,0.9359482030316564,65.51070904081634
23,3.898340848653024,4.128569776852816,0.9388465029337936,52.79015546625002
24,3.24816513212246,3.122113001520576,0.9346577295707232,52.82330854482411
25,1.848939763557891,2.4668324263464063,0.9199390845679392,21.311952572193537
26,1.488994646044021,1.2986317668054728,0.8942860422771632,22.99355221984012
27,2.0394879737933738,2.8599682307955554,0.9344392262567924,52.98544890593295
29,4.044443850285252,3.5973249467763337,0.9315289611293652,39.69125427054971
30,1.9997959183673475,0.9581632653061224,0.911688208065596,17.57034218438529
31,1.5659464450600185,1.4003570329332102,0.9056549928478016,12.25792298086151
33,4.296364226679047,4.548681085206851,0.9509208003971644,90.6299104713213
35,1.9138965835641737,2.7433056325023086,0.9299312617129912,25.437758966420706
36,2.6669376668729963,2.297188680814109,0.9459252857301176,37.40094478092042
38,4.081736775662116,3.8189964743820353,0.9312082999876398,72.26996384065792
39,3.184625078764965,4.104127284183995,0.934983234825402,43.52469859371877
40,2.1952545940967503,2.423358624621727,0.9382458974692588,26.29470435733485
41,3.30594690403889,3.639275893078236,0.9210363536342456,30.90501244388865
42,3.5329410873462788,3.606727102850938,0.9259408630169356,27.682704117302496
43,3.5102011545770737,2.9547133278353472,0.9287376541240822,30.82180281071585
44,1.3481,1.3041,0.917096076788918,22.78986095693928
46,3.623805792073541,4.746858737859803,0.9539721753699162,34.67153633765198
47,3.0243230251562245,2.7545842012498,0.9323555028205216,47.21812498457704
48,2.6327370396515213,2.3567776036913965,0.9257462825044676,26.127250942087336
50,1.900414737654321,2.444396219135802,0.9191117088346974,27.15607837731662
52,4.003665263463493,3.821989766294093,0.9468349311142172,85.77730040265791
53,2.018681200473305,3.239090680913622,0.9238619180453193,23.277641378764287
54,4.024436755094195,4.350726643598616,0.94642861561911,61.95250471622135
56,3.247907495814992,2.5262105524211047,0.923049349441564,39.40099735918172
57,4.567245180620724,5.585165922324608,0.9498850958631188,24.10777102432832
58,1.8552154195011337,2.287891156462585,0.9369170563227228,33.74801026292421
59,3.2401235173022256,4.821904715223997,0.9546133389380178,48.660075697796366
60,4.162078841958728,4.895881891737648,0.9451997602496632,53.2245233026687
61,3.0335683077338857,3.8350186928516736,0.938775693112606,50.62324372826803
62,3.714379105912514,4.186803396891524,0.9401022378722974,40.71155662775966
64,4.128813701973656,3.7865028265230256,0.9322202956951844,71.85878981104007
65,3.337819793836458,3.2115579768199543,0.9419478344340716,37.34695649646071
68,1.914731613523474,1.4555359717993912,0.9227813697146388,21.60670221430609
69,3.986594458534353,4.145725672660705,0.9510561694592315,64.60498519925105
70,3.4982642146744234,3.678222931131544,0.9520855549071804,30.67742029810653
71,4.477230933962337,5.174975364871471,0.9686312152097456,48.70236727640415
74,2.595449175088611,2.0753087574055025,0.9073764609042364,39.3076168397047
75,4.275497927516208,5.098582208523754,0.9487388398731184,56.70604563645827
76,3.3822265928264583,3.583458413125615,0.9290697861252488,43.245008754686175
78,2.64764528400892,2.0508611157961805,0.9250708111693852,48.62082090122192
79,4.276668402499599,4.376972840890883,0.9541989947092804,64.8329261152096
81,3.098348348348348,2.353096339582826,0.9256010528885532,38.124274310437904
82,3.204838630366012,1.979183399170614,0.8940564626118581,34.05449117223396
84,4.30454387790496,4.45379684228106,0.951381848997054,70.43229676891843
85,2.102458247325952,2.321542503283918,0.927854945273855,22.326042553094656
86,4.124218869074836,4.790123456790123,0.9315517716737416,24.02194598147496
87,3.958802499248221,5.044004143138761,0.9320575560782868,42.42320944706593
88,1.811211928169281,1.5948589039444911,0.9127742488291748,30.58394226255528
89,3.431027446178961,2.534945413733293,0.92329829169295,35.42339118171775
90,4.519525430739006,5.4490102289743065,0.946302503725752,95.25969797057957
91,2.9699826388888884,2.49984375,0.9307664092992488,29.87762524728318
92,4.435716395071008,3.866251442991758,0.9270265819943746,36.980399884344514
94,4.382114631541474,4.023211107155571,0.9352647370364464,33.17476049350593
95,4.2262856668448165,3.094172404667888,0.950521734774424,62.25560982873925
96,3.8513039475563886,3.40604117394962,0.9268097512140208,38.9411225476651
98,4.301878599270065,4.558741121369713,0.9465599526562524,84.53111301548832
100,1.5227049425434662,1.0115340253748557,0.9137475828746542,21.75216329793533
101,5.323335922604336,4.898580608714074,0.9573603600119128,61.13888576842714
102,2.703818359375,2.063193359375,0.9279234775061423,57.96347836511717
103,3.307323820340209,4.771186924604559,0.9503616910461564,47.125688909970194
104,2.4280420683726343,2.6143326273628875,0.9237922133322596,40.21458619331042
105,1.325173725299551,2.051016614715892,0.9186748336847896,28.27146596713302
106,3.225047685686626,3.79526306204411,0.9417859575240066,56.62170427640328
107,1.9634755928809864,2.076287835561584,0.9198244369149372,49.00996907375144
108,2.4460356652949247,2.363566529492456,0.9178227754243792,24.661868905023155
109,1.64470308706806,2.053477040684561,0.9096282939995864,16.005110098666
110,3.2603756744695525,1.8743153880481969,0.9194790719137048,39.37077302466598
111,3.618479955736633,3.2940998943715103,0.92565309205148,34.38902772233704
112,2.581701673193307,2.664115343538626,0.9134211889299776,38.000618858654576
113,1.273740959894806,2.7790664036817887,0.9444265902417532,25.415938822451057
114,2.3136795639836043,2.629521192739066,0.9130142898412128,21.79925625723702
115,5.363359951886131,4.521225233051556,0.9583009437730298,90.18145564921336
116,1.712294952819453,2.8416869452565603,0.9247004441280572,26.84611752151532
117,2.316080348602401,3.7119070393594784,0.9404863394112398,34.088811294799875
118,1.4947617888158429,1.154406298190082,0.9095131242562754,27.805932149354625
119,3.2460651942953227,3.2354973298904524,0.9279042365600934,67.47692759453872
120,4.511907672746833,5.656065767953881,0.9519386593561298,37.45555286431835
123,3.5636212145489505,3.999897452331357,0.9290065926197156,78.22935376835613
124,3.1214002306210187,3.404533581883356,0.9300354432680874,59.639695336411165
126,1.9604650327462552,2.073322876881264,0.919773387917155,21.51696668026769
127,1.391347493140285,1.3389566059504667,0.9014557392185506,28.63437622276442
128,4.266169314636336,3.754832565314656,0.9374326464364962,37.003685628790805
129,1.8175818925617369,1.9427274627489624,0.9139183834912218,29.617811285720663
133,4.565602216066482,4.6104199445983385,0.9409660228042704,37.95170095688415
135,2.579723865877712,1.949664694280079,0.9268286779157158,21.0907276564162
136,3.8250729125815335,4.2469426300819055,0.9479265735267066,65.13943507962802
137,4.165472910927456,4.315555555555555,0.9453177754080958,35.99663510307286
138,2.684969957458006,3.7343098986886543,0.926599583268038,21.62294729603781
139,4.718745866616059,4.343057927758513,0.9299717304479808,64.84038283911242
141,2.553593863651392,2.268465251603518,0.9256878797912846,24.67779597410008
142,2.2230859375,3.4262109375,0.9233714422280748,30.391766476036505
144,3.8149092970521536,4.303004535147393,0.932616837245578,36.86158984301891
146,5.063604293781889,3.835061848021923,0.9283822386074816,19.17548763453549
147,2.3159471108189056,2.5700197238658777,0.9247408098639522,29.44282812261181
149,3.657541246636483,3.891617025382271,0.9251747260465748,92.842387323095
150,3.9414786427331694,4.909527193094853,0.9439781013400736,48.61884060342205
153,2.6764662955317866,2.222472425512396,0.9417176739534128,32.29199254513264
155,3.6737463849629313,4.267551724265948,0.9459062591711448,44.87152779511974
158,2.368851464485913,2.494891892547745,0.9221160792920744,23.286490009237816
159,4.956499606645379,3.9980100883890977,0.9436895358157616,41.21119693268243
161,3.416457142857144,3.9286204081632654,0.960774945315485,44.185592067290585
163,1.5259108724052837,2.5058628086643764,0.9310741093945468,14.741283749980308
166,1.8269452581939185,2.554889812083414,0.9250690504201492,40.11070193767479
168,2.4445121411935813,3.3803913090476705,0.9334047196415576,25.69950139826444
169,3.572947850295286,3.641836247364559,0.9458761939723432,52.78076128354104
170,2.7400672509937967,2.97014083722614,0.9286822896890652,28.744193793608115
171,3.415712799167534,2.582206035379813,0.9314387292248076,52.92990494011488
175,1.452972905945812,1.3212226424452846,0.9231662651059794,21.3154571967072
176,5.763294982188891,4.44320668196814,0.9274414953206878,44.38237985024336
178,3.409795918367347,2.89505306122449,0.9181403690256086,48.44298726327928
182,2.702114716675061,2.3375435796469146,0.9200610321333408,28.635644039114204
183,1.3339506172839506,2.2133024691358028,0.923303394123688,22.655401439854177
188,4.368828078524688,5.01977989292088,0.9389637521118817,42.626107527737965
189,2.967857479498539,5.454362648066107,0.945243111046702,31.34702326401299
190,3.19421883288211,3.260641632394376,0.9135825204455318,53.4273289086259
193,2.638322321172077,2.90382712502793,0.955402661645782,18.2880381881084
197,2.878135886976769,4.088618896727999,0.936650778814614,38.56346682304627
199,3.6879,2.3159,0.9063117730222991,44.27321878967414
200,1.6426931312940205,1.3412337355199906,0.9193763228460397,23.094319941743343
205,3.0013174526874256,3.912781071409496,0.9315694467858684,39.5720686535509
